{"cameraMode":{"drawMode":0,"name":"Shaded","section":"Shading Mode"},"sceneLighting":false,"audioPlay":false,"sceneViewState":{"showFog":true,"showMaterialUpdate":false,"showSkybox":false,"showFlares":true,"showImageEffects":true,"showParticleSystems":true},"in2DMode":false,"pivot":{"x":0.24291101098060609,"y":-0.15616238117218018,"z":0.45355767011642458},"rotation":{"x":-0.3043513298034668,"y":-0.20418618619441987,"z":0.06667496263980866,"w":-0.9281400442123413},"size":1.9806828498840333,"orthographic":false}