{"cameraMode":{"drawMode":0,"name":"Shaded","section":"Shading Mode"},"sceneLighting":false,"audioPlay":false,"sceneViewState":{"showFog":true,"showMaterialUpdate":false,"showSkybox":false,"showFlares":true,"showImageEffects":true,"showParticleSystems":true},"in2DMode":false,"pivot":{"x":0.8579530715942383,"y":2.1184682846069338,"z":14.868551254272461},"rotation":{"x":0.2330825924873352,"y":0.6633963584899902,"z":-0.22963456809520722,"w":0.6730624437332153},"size":0.5911352634429932,"orthographic":false}