{"cameraMode":{"drawMode":0,"name":"Shaded","section":"Shading Mode"},"sceneLighting":false,"audioPlay":false,"sceneViewState":{"showFog":true,"showMaterialUpdate":false,"showSkybox":false,"showFlares":true,"showImageEffects":true,"showParticleSystems":true},"in2DMode":false,"pivot":{"x":-0.5915883183479309,"y":0.5238213539123535,"z":-0.33488669991493227},"rotation":{"x":-0.009335562586784363,"y":0.8604311943054199,"z":-0.015750817954540254,"w":-0.5093804597854614},"size":1.1911354064941407,"orthographic":false}