{"cameraMode":{"drawMode":0,"name":"Shaded","section":"Shading Mode"},"sceneLighting":false,"audioPlay":false,"sceneViewState":{"showFog":true,"showMaterialUpdate":false,"showSkybox":false,"showFlares":true,"showImageEffects":true,"showParticleSystems":true},"in2DMode":false,"pivot":{"x":0.5475865006446838,"y":2.1900856494903566,"z":11.651455879211426},"rotation":{"x":-0.02429070882499218,"y":0.9754987359046936,"z":-0.161274254322052,"w":-0.14829836785793305},"size":1.1192067861557007,"orthographic":false}